Workbook

Sheet Dashboard
A1: BCP1 BOOTCAMP | DEVLOG & GITHUB REPORT
A3: Snapshot dữ liệu | B3: 46316 | D3: Nguồn chính | E3: Google Sheet + GitHub
A4: KPI
A5: Tổng học viên | C5: Devlog đã nộp | E5: GitHub đã nộp | G5: Nộp đủ cả hai
A6: =COUNTA('Student Detail'!$A$2:$A$22) | C6: =COUNTIF('Student Detail'!$E$2:$E$22,"Yes") | E6: =COUNTIF('Student Detail'!$F$2:$F$22,"Yes") | G6: =COUNTIF('Student Detail'!$H$2:$H$22,"Devlog + GitHub")
A7: Devlog only | C7: Chưa nộp | E7: Tỷ lệ artifact | G7: TB hoàn thành/người
A8: =COUNTIF('Student Detail'!$H$2:$H$22,"Devlog only") | C8: =COUNTIF('Student Detail'!$H$2:$H$22,"No submission") | E8: =(COUNTIF('Student Detail'!$E$2:$E$22,"Yes")+COUNTIF('Student Detail'!$F$2:$F$22,"Yes"))/(COUNTA('Student Detail'!$A$2:$A$22)*2) | G8: =AVERAGE('Student Detail'!$G$2:$G$22)
A10: Diễn giải
A11: Tỷ lệ artifact = (số devlog + số link GitHub) / (số học viên × 2). Sessions 2–7 chưa có cột submission được điền trong snapshot.
A13: Biểu đồ nộp bài
A14: Loại | B14: Số lượng | C14: Tỷ lệ
A15: Devlog | B15: =COUNTIF('Student Detail'!$E$2:$E$22,"Yes") | C15: =B15/$B$5
A16: GitHub | B16: =COUNTIF('Student Detail'!$F$2:$F$22,"Yes") | C16: =B16/$B$5
A17: Nộp đủ cả hai | B17: =COUNTIF('Student Detail'!$H$2:$H$22,"Devlog + GitHub") | C17: =B17/$B$5
A18: Devlog only | B18: =COUNTIF('Student Detail'!$H$2:$H$22,"Devlog only") | C18: =B18/$B$5
A19: Chưa nộp | B19: =COUNTIF('Student Detail'!$H$2:$H$22,"No submission") | C19: =B19/$B$5

Sheet Session Plan
A1: Buổi | B1: Chủ đề | C1: Nội dung chính | D1: Người trình bày | E1: Hình thức | F1: Thời gian | G1: Trạng thái | H1: Slide | I1: Docs | J1: Youtube | K1: Handbook | L1: Dữ liệu submission | M1: Devlog nộp | N1: GitHub nộp | O1: Tỷ lệ artifact | P1: Diễn giải
A2: 1 | B2: Blockchain Fundamentals | C2: What is Blockchain? Centralized vs Decentralized Bitcoin ra đời để giải quyết vấn đề gì? Ethereum mở rộng blockchain như thế nào? Blockchain Benefits & Use Cases | D2: Hoang Phong | E2: Discord | F2: 14/10/2026 | G2: START | H2: https://www.canva.com/design/DAHVvVwozGA/Uw2CFCAa7H29QgSAVFhykA/edit | I2: Buoi_1_Blockchain_Fundamentals | J2: https://youtu.be/6dL1-w_eMMs | K2: Sổ tay Blockchain căn bản | BPSC CLUB | L2: Có dữ liệu Buổi 1 | M2: =COUNTIF('Student Detail'!$E$2:$E$22,"Yes") | N2: =COUNTIF('Student Detail'!$F$2:$F$22,"Yes") | O2: =(M2+N2)/(COUNTA('Student Detail'!$A$2:$A$22)*2) | P2: Observed in snapshot
A3: 2 | B3: How Blockchain Works | C3: Block & Blockchain Structure Transaction là gì? Ledger / State Nodes & P2P Network Transaction Lifecycle Blockchain Explorer | D3: Hoang Phong | E3: Discord | F3: 21/10/2026 | G3: START | H3: https://www.canva.com/design/DAHWEnuX1h0/25f2p4NOeeHqyYOSmelSgQ/edit | I3: Buoi_2_How_Blockchain_Works | L3: Chưa có trong snapshot | M3: — | N3: — | O3: — | P3: Chưa có trong snapshot
A4: 3 | B4: Cryptography & Wallet | C4: Hashing Public Key / Private Key Digital Signature Wallet & Address Seed Phrase Custodial vs Non-custodial Wallet Basic Wallet Security | D4: Ngô Văn Tuân | E4: Discord | G4: START | H4: https://canva.link/vakxvr5kn57n9ej | I4: Mật mã học và Ví điện tử – Buổi 02 | BPSC CLUB | L4: Chưa có trong snapshot | M4: — | N4: — | O4: — | P4: Chưa có trong snapshot
A5: 4 | B5: Consensus & Blockchain Architecture | C5: Consensus là gì? Proof of Work / Proof of Stake Finality Layer 1 / Layer 2 Account-based vs UTXO Public / Private / Permissioned Blockchain | D5: Ngô Văn Tuân | E5: Discord | G5: START | H5: https://canva.link/f8olbameezh6rpo | I5: Cơ chế đồng thuận và Kiến trúc Blockchain – Buổi 04 | BPSC CLUB | L5: Chưa có trong snapshot | M5: — | N5: — | O5: — | P5: Chưa có trong snapshot
A6: 5 | B6: Smart Contracts & Digital Assets | C6: Smart Contract là gì? Native Coin vs Token Mint / Burn Stablecoin NFT Gas / Transaction Fee EVM / SVM / WASM ở mức giới thiệu | D6: Trần Hữu Hưng | E6: Discord | G6: START | H6: https://canva.link/f9k05ereypryzn8 | I6: buổi 5 | L6: Chưa có trong snapshot | M6: — | N6: — | O6: — | P6: Chưa có trong snapshot
A7: 6 | B7: DApps & Web3 Ecosystem | C7: dApp Architecture Frontend → Wallet → Smart Contract → Blockchain DeFi Payment NFT Gaming DAO Oracle ở mức giới thiệu Mini Demo trên Testnet | D7: Trần Hữu Hưng | E7: Discord | G7: START | H7: https://canva.link/bqe48vrodrubm04 | I7: Buổi 6 | L7: Chưa có trong snapshot | M7: — | N7: — | O7: — | P7: Chưa có trong snapshot
A8: 7 | B8: Practice + AMA | C8: Tạo ví testnet Nhận token faucet Gửi transaction Xem transaction trên Explorer Connect wallet vào một dApp đơn giản Recap + Q&A + giới thiệu Phase 2 | D8: Cả 3 | E8: Discord | G8: START | H8: THỰC HÀNH | L8: Chưa có trong snapshot | M8: — | N8: — | O8: — | P8: Chưa có trong snapshot

Sheet Student Detail
A1: STT | B1: Họ và tên | C1: Discord | D1: Devlog ghi trong Sheet | E1: Devlog | F1: GitHub | G1: Tỷ lệ hoàn thành | H1: Trạng thái | I1: Link GitHub | J1: Repo | K1: Phạm vi bằng chứng | L1: Kiểm tra file | M1: Commit quan sát | N1: Commit đầu (GMT+7) | O1: Commit mới nhất (GMT+7) | P1: Thông điệp commit mới nhất | Q1: Ghi chú
A2: 1 | B2: Lê Ngọc | C2: Ngocngoc | D2: -Giải thích được lý do tại sao blockchain ra đời . -Biết được các mặt ưu nhược điểm của bitcoin. | E2: Yes | F2: Yes | G2: 0.14 | H2: Devlog + GitHub | I2: https://github.com/ngocngoc000-jpg/Blockchain-01/blob/main/Session%20-01.md?plain=1 | J2: ngocngoc000-jpg/Blockchain-01 | K2: File link | L2: HTTP 200 | M2: 14 | N2: 20/10/2026 03:14 | O2: 20/10/2026 14:56 | P2: Update Session -01.md
A3: 2 | B3: Đỗ Duy Hiếu | C3: nomnom | D3: -Khái niệm của Blockchain. -Phân loại mô hình blockchain. -Ưu nhược điểm của Bitcoin -Ứng dụng trong đời sống của Blockchain. | E3: Yes | F3: Yes | G3: 0.14 | H3: Devlog + GitHub | I3: https://github.com/dhyeu04/dev-lock-bootcamp/blob/main/submissions/session-01.md | J3: dhyeu04/dev-lock-bootcamp | K3: File link | L3: HTTP 200 | M3: 4 | N3: 20/10/2026 17:27 | O3: 20/10/2026 17:50 | P3: Update session-01.md
A4: 3 | B4: Nguyễn An Dương | C4: An Dương | E4: No | F4: No | G4: 0 | H4: No submission | M4: 0
A5: 4 | B5: Lê Hoàng Linh | C5: ahhhhh3128 | D5: Khái niệm | E5: Yes | F5: Yes | G5: 0.14 | H5: Devlog + GitHub | I5: https://github.com/luckylinhle110297-prog/L-Ho-ng-Linh-bootcamp/blob/main/submissions/luckylinhle110297-prog/session-01.md | J5: luckylinhle110297-prog/L-Ho-ng-Linh-bootcamp | K5: File link | L5: HTTP 200 | M5: 2 | N5: 20/10/2026 17:46 | O5: 20/10/2026 23:53 | P5: Update session-01.md
A6: 5 | B6: CHU AN BÌNH | C6: An Bình Chu | D6: -Khái niệm Blockchain. -Mô hình Blockchain tập trung/không tập trung. -Bitcoin - ứng dụng của blockchain. -Ứng dụng trong đời sống của Blockchain. | E6: Yes | F6: Yes | G6: 0.14 | H6: Devlog + GitHub | I6: https://github.com/AnBinhChu/Bu-i-1-Blockchain-Fundamentals/blob/main/submissions/AnBinhChu/session-01.md | J6: AnBinhChu/Bu-i-1-Blockchain-Fundamentals | K6: File link | L6: HTTP 200 | M6: 4 | N6: 18/10/2026 23:51 | O6: 20/10/2026 00:54 | P6: Nội dung mới
A7: 6 | B7: Vũ Trung Hiếu | C7: hiuce | D7: -Khái niệm Blockchain. -Mô hình tập trung/phi tập trung. -Ưu nhược điểm của Bitcoin. -Ethereum và smart contract. -Ứng dụng trong đời sống. | E7: Yes | F7: Yes | G7: 0.14 | H7: Devlog + GitHub | I7: https://github.com/trghieu03/bootcamp-devlog/blob/main/submissions/trghieu03/session-01.md | J7: trghieu03/bootcamp-devlog | K7: File link | L7: HTTP 200 | M7: 2 | N7: 21/10/2026 10:01 | O7: 21/10/2026 10:15 | P7: [S01] update devlog - @trghieu03
A8: 7 | B8: Chu Thị Hương | C8: _huonie._ | D8: -Khái niệm Blockchain -Hiểu được sao bitcoin lại liên quan đến blockchain | E8: Yes | F8: Yes | G8: 0.14 | H8: Devlog + GitHub | I8: https://github.com/huoniie/dev-lock-bootcamp/blob/main/submissions/session-01.md | J8: huoniie/dev-lock-bootcamp | K8: File link | L8: HTTP 200 | M8: 9 | N8: 19/10/2026 23:43 | O8: 20/10/2026 14:32 | P8: Update session-01.md
A9: 8 | B9: Trần Đình Nam | C9: Trần Đình Nam | E9: No | F9: No | G9: 0 | H9: No submission | M9: 0
A10: 9 | B10: Nguyễn Anh Tuấn | C10: sanomanji3635 | E10: No | F10: No | G10: 0 | H10: No submission | M10: 0
A11: 10 | B11: Nguyễn Anh Khôi | C11: _kanguye.ne__37020 | E11: No | F11: No | G11: 0 | H11: No submission | M11: 0
A12: 11 | B12: Nguyễn Minh Hiếu | C12: Myname1sH1u | D12: -- Vì sao blockchain ra đời ? - Blockchain là gì và cơ chế hoạt động cốt lõi? - Tại sao dữ liệu trên Blockchain lại khó bị thay đổi (Tính bất biến)? - Phân loại các mô hình Blockchain - Lịch sử và 4 thế hệ Blockchain - Tài chính phi tập trung (DeFi) và ứng dụng thực tiễn | E12: Yes | F12: Yes | G12: 0.14 | H12: Devlog + GitHub | I12: https://github.com/MynameisHiu/Dev-Log-bootcamp/blob/main/submissions/MynameisHiu/session-01.md | J12: MynameisHiu/Dev-Log-bootcamp | K12: File link | L12: HTTP 200 | M12: 2 | N12: 20/10/2026 01:19 | O12: 20/10/2026 01:22 | P12: Devlog - @MynameisHiu
A13: 12 | B13: Nguyễn Anh Khoa | C13: Nguyenkhoa | E13: No | F13: No | G13: 0 | H13: No submission | M13: 0
A14: 13 | B14: Phạm Tuấn Kiệt | C14: ĂngKiệt | E14: No | F14: No | G14: 0 | H14: No submission | M14: 0
A15: 14 | B15: Thân Gia Khánh | C15: Giakhanh_1002 | E15: No | F15: No | G15: 0 | H15: No submission | M15: 0
A16: 15 | B16: Nguyễn Xuân Đại | C16: dainx. | D16: -Hiểu bản chất & khái niệm Blockchain -Phân loại các mô hình Blockchain -Đánh giá ưu/nhược điểm Bitcoin | E16: Yes | F16: Yes | G16: 0.14 | H16: Devlog + GitHub | I16: https://github.com/dainx06/dev-lock-bootcamp/blob/main/submissions/dainx06/session-01.md | J16: dainx06/dev-lock-bootcamp | K16: File link | L16: HTTP 200 | M16: 3 | N16: 21/10/2026 11:49 | O16: 21/10/2026 12:00 | P16: [S01] update devlog - @dainx06
A17: 16 | B17: Phạm Văn Giáp | C17: Giapi9 | E17: No | F17: No | G17: 0 | H17: No submission | M17: 0
A18: 17 | B18: Bùi Minh An | C18: các anh bt rồi | E18: No | F18: No | G18: 0 | H18: No submission | M18: 0
A19: 18 | B19: Nguyễn Anh Tuấn | C19: sanomanji3536 | D19: -Hiểu khái niệm Blockchain , lịch sử blockchain, ứng dụng của blockchain, các loại blockchain | E19: Yes | F19: Yes | G19: 0.14 | H19: Devlog + GitHub | I19: https://github.com/Tuan2K7/dev-lock-bootcamp.git | J19: Tuan2K7/dev-lock-bootcamp | K19: Repo link | M19: 1 | N19: 14/10/2026 20:11 | O19: 14/10/2026 20:11 | P19: chore: add dev lock bootcamp example | Q19: Repo-level link; only the sample path examples/student-demo/session-01.md was detected.
A20: 19 | B20: Nguyễn Phương Thảo | C20: Thảo | E20: No | F20: No | G20: 0 | H20: No submission | M20: 0
A21: 20 | B21: Ánh | C21: Ánh | D21: Blockchain là gì? / lịch sử của blockchain/ bitcoin/ | E21: Yes | F21: No | G21: 0.07 | H21: Devlog only | M21: 0 | Q21: Có devlog trong Sheet nhưng chưa có link GitHub.
A22: 21 | B22: Bảo Khanh | C22: Bảo Khanh | D22: -Khái niệm của Blockchain. -Loại blockchain. -Ưu nhược điểm của Bitcoin -Ứng dụng trong đời sống của Blockchain. | E22: Yes | F22: Yes | G22: 0.14 | H22: Devlog + GitHub | I22: https://github.com/khanhnguyeenx-vie/dev-lock-bootcamp/blob/main/submissions/khanhnguyeenx-vie/session-01.md | J22: khanhnguyeenx-vie/dev-lock-bootcamp | K22: File link | L22: HTTP 200 | M22: 2 | N22: 20/10/2026 23:26 | O22: 20/10/2026 23:31 | P22: Update session title and student information

Sheet GitHub Audit
A1: Học viên | B1: Repo | C1: Link trong Sheet | D1: Scope | E1: File status | F1: Commit quan sát | G1: Commit đầu (GMT+7) | H1: Commit mới nhất (GMT+7) | I1: Ghi chú kiểm tra
A2: Lê Ngọc | B2: ngocngoc000-jpg/Blockchain-01 | C2: https://github.com/ngocngoc000-jpg/Blockchain-01/blob/main/Session%20-01.md?plain=1 | D2: File link | E2: HTTP 200 | F2: 14 | G2: 20/10/2026 03:14 | H2: 20/10/2026 14:56 | I2: Link/repo được kiểm tra qua GitHub API.
A3: Đỗ Duy Hiếu | B3: dhyeu04/dev-lock-bootcamp | C3: https://github.com/dhyeu04/dev-lock-bootcamp/blob/main/submissions/session-01.md | D3: File link | E3: HTTP 200 | F3: 4 | G3: 20/10/2026 17:27 | H3: 20/10/2026 17:50 | I3: Link/repo được kiểm tra qua GitHub API.
A4: Lê Hoàng Linh | B4: luckylinhle110297-prog/L-Ho-ng-Linh-bootcamp | C4: https://github.com/luckylinhle110297-prog/L-Ho-ng-Linh-bootcamp/blob/main/submissions/luckylinhle110297-prog/session-01.md | D4: File link | E4: HTTP 200 | F4: 2 | G4: 20/10/2026 17:46 | H4: 20/10/2026 23:53 | I4: Link/repo được kiểm tra qua GitHub API.
A5: CHU AN BÌNH | B5: AnBinhChu/Bu-i-1-Blockchain-Fundamentals | C5: https://github.com/AnBinhChu/Bu-i-1-Blockchain-Fundamentals/blob/main/submissions/AnBinhChu/session-01.md | D5: File link | E5: HTTP 200 | F5: 4 | G5: 18/10/2026 23:51 | H5: 20/10/2026 00:54 | I5: Link/repo được kiểm tra qua GitHub API.
A6: Vũ Trung Hiếu | B6: trghieu03/bootcamp-devlog | C6: https://github.com/trghieu03/bootcamp-devlog/blob/main/submissions/trghieu03/session-01.md | D6: File link | E6: HTTP 200 | F6: 2 | G6: 21/10/2026 10:01 | H6: 21/10/2026 10:15 | I6: Link/repo được kiểm tra qua GitHub API.
A7: Chu Thị Hương | B7: huoniie/dev-lock-bootcamp | C7: https://github.com/huoniie/dev-lock-bootcamp/blob/main/submissions/session-01.md | D7: File link | E7: HTTP 200 | F7: 9 | G7: 19/10/2026 23:43 | H7: 20/10/2026 14:32 | I7: Link/repo được kiểm tra qua GitHub API.
A8: Nguyễn Minh Hiếu | B8: MynameisHiu/Dev-Log-bootcamp | C8: https://github.com/MynameisHiu/Dev-Log-bootcamp/blob/main/submissions/MynameisHiu/session-01.md | D8: File link | E8: HTTP 200 | F8: 2 | G8: 20/10/2026 01:19 | H8: 20/10/2026 01:22 | I8: Link/repo được kiểm tra qua GitHub API.
A9: Nguyễn Xuân Đại | B9: dainx06/dev-lock-bootcamp | C9: https://github.com/dainx06/dev-lock-bootcamp/blob/main/submissions/dainx06/session-01.md | D9: File link | E9: HTTP 200 | F9: 3 | G9: 21/10/2026 11:49 | H9: 21/10/2026 12:00 | I9: Link/repo được kiểm tra qua GitHub API.
A10: Nguyễn Anh Tuấn | B10: Tuan2K7/dev-lock-bootcamp | C10: https://github.com/Tuan2K7/dev-lock-bootcamp.git | D10: Repo link | F10: 1 | G10: 14/10/2026 20:11 | H10: 14/10/2026 20:11 | I10: Repo-level link; only the sample path examples/student-demo/session-01.md was detected.
A11: Bảo Khanh | B11: khanhnguyeenx-vie/dev-lock-bootcamp | C11: https://github.com/khanhnguyeenx-vie/dev-lock-bootcamp/blob/main/submissions/khanhnguyeenx-vie/session-01.md | D11: File link | E11: HTTP 200 | F11: 2 | G11: 20/10/2026 23:26 | H11: 20/10/2026 23:31 | I11: Link/repo được kiểm tra qua GitHub API.

Sheet Sources
A1: Nguồn / phương pháp | B1: Chi tiết
A2: Google Sheet | B2: https://docs.google.com/spreadsheets/d/1HKSoMEhSCYqL6Py5u5LB1rrh9yxlXRT-vgjRrb2HBW8/edit?gid=1890794766
A3: Snapshot | B3: 21/10/2026; tải bản CSV/XLSX từ Google Sheet.
A4: GitHub links | B4: Các URL GitHub được ghi trong Sheet; repo/file metadata và commit history được kiểm tra tại thời điểm tạo báo cáo.
A5: Repo tổng được yêu cầu | B5: https://github.com/Blockchain-Pioneer-Student/BCP1-Devlog-Summarize — không resolve được (404 tại snapshot), nên không dùng làm nguồn số liệu.
A6: Quy ước | B6: Devlog/GitHub là trạng thái nộp trong Sheet; commit quan sát được không phải thước đo chất lượng bài.
A7: Giới hạn | B7: Sheet mới có dữ liệu submission cho Buổi 1; Buổi 2–7 được ghi là chưa có dữ liệu, không kết luận là không có hoạt động.
A8: Bảo mật | B8: Không ghi thông tin đăng nhập/SSH/token vào báo cáo hoặc file đầu ra.
